URL,"Ответ сервера",Тип,Источник,Анкор,"Тип анкора","Атрибут alt",Nofollow/Dofollow
https://www.mrcar.ee/en/privacy/,404,hyperlink,https://www.mrcar.ee/en/services/general-car-repair,"Privacy Policy",text,,Dofollow
https://www.mrcar.ee/en/privacy/,404,hyperlink,https://www.mrcar.ee/en/services/exhaust-welding,"Privacy Policy",text,,Dofollow
https://www.mrcar.ee/en/privacy/,404,hyperlink,https://www.mrcar.ee/en/services/chassis-brakes,"Privacy Policy",text,,Dofollow
https://www.mrcar.ee/en/privacy/,404,hyperlink,https://www.mrcar.ee/en/services/tire-service,"Privacy Policy",text,,Dofollow
https://www.mrcar.ee/en/privacy/,404,hyperlink,https://www.mrcar.ee/en/services/maintenance-diagnostics,"Privacy Policy",text,,Dofollow
https://www.mrcar.ee/en/privacy/,404,hyperlink,https://www.mrcar.ee/en/services/transmission-repair,"Privacy Policy",text,,Dofollow
https://www.mrcar.ee/en/privacy/,404,hyperlink,https://www.mrcar.ee/en/services/electrical-repair,"Privacy Policy",text,,Dofollow
https://www.mrcar.ee/en/privacy/,404,hyperlink,https://www.mrcar.ee/en/services/engine-repair,"Privacy Policy",text,,Dofollow
https://www.mrcar.ee/en/privacy/,404,hyperlink,https://www.mrcar.ee/en/services/oil-change,"Privacy Policy",text,,Dofollow
https://www.mrcar.ee/en/privacy/,404,hyperlink,https://www.mrcar.ee/en/services/pre-purchase-inspection,"Privacy Policy",text,,Dofollow
https://www.mrcar.ee/en/privacy/,404,hyperlink,https://www.mrcar.ee/en/services/ac-service,"Privacy Policy",text,,Dofollow
https://www.mrcar.ee/en/privacy/,404,hyperlink,https://www.mrcar.ee/en/services/webasto-repair,"Privacy Policy",text,,Dofollow
