Популярные страницы,Kлики,Показы,CTR,Позиция
https://www.mrcar.ee/teenused/webasto-remont/webasto-vead-ja-symptomid,215,1102,19.51%,7.95
https://www.mrcar.ee/teenused/webasto-remont,174,1963,8.86%,5.38
https://www.mrcar.ee/,144,6424,2.24%,10.5
https://www.mrcar.ee/ru/teenused/webasto-remont,37,749,4.94%,7.01
https://www.mrcar.ee/ru,29,3190,0.91%,13.48
https://www.mrcar.ee/teenused/mootori-ja-kaigukasti-remont,13,590,2.2%,18.03
https://www.mrcar.ee/teenused,9,1445,0.62%,9.59
https://www.mrcar.ee/ru/teenused/webasto-remont/webasto-vead-ja-symptomid,8,232,3.45%,5.74
https://www.mrcar.ee/teenused/mootori-diagnostika,7,444,1.58%,15.98
https://www.mrcar.ee/ru/kontakt,5,815,0.61%,11.16
https://www.mrcar.ee/silindripea-remont,4,59,6.78%,7.32
https://www.mrcar.ee/hinnad,3,1349,0.22%,5.4
https://www.mrcar.ee/teenused/autoremont-hooldus-koplis,3,428,0.7%,11.48
https://www.mrcar.ee/ru/hinnad,2,648,0.31%,34.76
https://www.mrcar.ee/ru/teenused,2,536,0.37%,5.13
https://www.mrcar.ee/teenused/summuti-remont,2,148,1.35%,20.73
https://www.mrcar.ee/mootori-remont-ja-vahetus,2,137,1.46%,11.01
https://www.mrcar.ee/teenused/kaubiku-remont-hooldus-koplis,2,111,1.8%,14.12
https://www.mrcar.ee/kontakt,1,335,0.3%,7.58
https://www.mrcar.ee/ru/teenused/diagnostika,1,190,0.53%,3.5
https://www.mrcar.ee/ru/teenused/klaasipuhastite-vahetus,1,38,2.63%,27.13
https://www.mrcar.ee/ru/teenused/starteri-remont,1,8,12.5%,11.12
https://www.mrcar.ee/ru/privaatsuspoliitika,0,362,0%,10.46
https://www.mrcar.ee/privaatsuspoliitika,0,292,0%,3.95
https://www.mrcar.ee/ru/teenused/kaubiku-remont,0,131,0%,46.4
https://www.mrcar.ee/teenused/mootori-remont-ja-vahetus,0,48,0%,12.4
https://www.mrcar.ee/ru/teenused/rehvitood,0,41,0%,25.34
https://www.mrcar.ee/teenused/pidurite-remont,0,30,0%,6.07
https://www.mrcar.ee/jata-paring,0,30,0%,20.47
https://www.mrcar.ee/ru/teenused/autoremont-hooldus-koplis,0,8,0%,25.75
https://www.mrcar.ee/teenused/diagnostika,0,6,0%,16.5
https://www.mrcar.ee/teenused-1,0,4,0%,15.25
https://www.mrcar.ee/teenused/veermiku-remont,0,4,0%,45
https://www.mrcar.ee/teenused/kaubiku-hooldus,0,1,0%,1
https://www.mrcar.ee/teenused/klaasipuhastite-vahetus,0,1,0%,1
https://www.mrcar.ee/teenused/kliimahooldus,0,1,0%,71